user_id,nama,email
31,pita irul sayekti,pita_irul_sayekti@gmail.com
32,rahmadi gusri,rahmadi_gusri@gmail.com
33,rahmat,rahmat@gmail.com
34,sadra wilis,sadra_wilis@gmail.com
35,said rio apriadi,said_rio_apriadi@gmail.com
71,saiful wahyudi,saiful_wahyudi@gmail.com
72,sari devia agustina,sari_devia_agustina@gmail.com
73,taufik oktafiyardi,taufik_oktafiyardi@gmail.com
74,teddy franwijaya,teddy_franwijaya@gmail.com
75,vigo farlandi,vigo_farlandi@gmail.com
111,wendi gusfan hutapea,wendi_gusfan_hutapea@gmail.com
112,yovita sari,yovita_sari@gmail.com
113,zukri adinalta,zukri_adinalta@gmail.com
114,alfi sahri,alfi_sahri@gmail.com
115,amalia wulandari,amalia_wulandari@gmail.com
151,andre saputra,andre_saputra@gmail.com
152,andrianto,andrianto@gmail.com
153,andryan dwi cahyono,andryan_dwi_cahyono@gmail.com
154,angga wiratama,angga_wiratama@gmail.com
155,anggi desmita arini,anggi_desmita_arini@gmail.com
191,dias marzal fatama,dias_marzal_fatama@gmail.com
192,dicky mahendra,dicky_mahendra@gmail.com
193,dika aristya linardi,dika_aristya_linardi@gmail.com
194,elvi suryani,elvi_suryani@gmail.com
195,fitra miswardi,fitra_miswardi@gmail.com
231,dimas aditya perdana,dimas_aditya_perdana@gmail.com
232,dinda afani,dinda_afani@gmail.com
233,doni sanjaya,doni_sanjaya@gmail.com
234,fitri yanti,fitri_yanti@gmail.com
235,hendri eka saputra,hendri_eka_saputra@gmail.com
271,fuad harisfa,fuad_harisfa@gmail.com
272,herman efendi,herman_efendi@gmail.com
273,ichsyan rizky adi p,ichsyan_rizky_adi_p@gmail.com
274,ivo oktavianti,ivo_oktavianti@gmail.com
275,lailatul izzati,lailatul_izzati@gmail.com
311,andreyan saputra,andreyan_saputra@gmail.com
312,afrianda,afrianda@gmail.com
313,surya ramadani,surya_ramadani@gmail.com
314,suhendri,suhendri@gmail.com
315,dewi wulan sari,dewi_wulan_sari@gmail.com
351,rohatun,rohatun@gmail.com
352,dewi safitri,dewi_safitri@gmail.com
353,dian elok nur cahyati,dian_elok_nur_cahyati@gmail.com
354,m. amrijen nur rohman,m._amrijen_nur_rohman@gmail.com
355,rosidin,rosidin@gmail.com
391,rasmini,rasmini@gmail.com
392,bejo hutanto,bejo_hutanto@gmail.com
393,desi tri astuti,desi_tri_astuti@gmail.com
394,okta ionika,okta_ionika@gmail.com
395,muhyidin,muhyidin@gmail.com
431,a. solikhin,a._solikhin@gmail.com
432,sumiati,sumiati@gmail.com
433,sugiat bagus hermawan,sugiat_bagus_hermawan@gmail.com
434,sukma liyana dewi,sukma_liyana_dewi@gmail.com
435,dzul helmi affan ridho,dzul_helmi_affan_ridho@gmail.com
471,supriyadi,supriyadi@gmail.com
472,supiyah,supiyah@gmail.com
473,alfajar efendi,alfajar_efendi@gmail.com
474,ahmad saprudin,ahmad_saprudin@gmail.com
475,anwar sholeh,anwar_sholeh@gmail.com
511,vina nailatul izzah,vina_nailatul_izzah@gmail.com
512,muhammad arwin,muhammad_arwin@gmail.com
513,ulil amri,ulil_amri@gmail.com
514,nurul mubarokah,nurul_mubarokah@gmail.com
515,nurisya amara putri,nurisya_amara_putri@gmail.com
551,fauzan nuril kafa,fauzan_nuril_kafa@gmail.com
552,irhamsyah,irhamsyah@gmail.com
553,sri yanti,sri_yanti@gmail.com
554,syaira nada clarissa,syaira_nada_clarissa@gmail.com
555,zulfitri,zulfitri@gmail.com
591,romi endika,romi_endika@gmail.com
592,imam subaweh,imam_subaweh@gmail.com
593,iswatun chasanah,iswatun_chasanah@gmail.com
594,imam turmudzi,imam_turmudzi@gmail.com
595,nailul muflihah,nailul_muflihah@gmail.com
631,susi susanti,susi_susanti@gmail.com
632,bagus suryanto,bagus_suryanto@gmail.com
633,umi naviah,umi_naviah@gmail.com
634,aqra nabiha anindita,aqra_nabiha_anindita@gmail.com
635,mursino,mursino@gmail.com
671,sri natalia,sri_natalia@gmail.com
672,virly karista balqis,virly_karista_balqis@gmail.com
673,wasyaraffa al hafiz,wasyaraffa_al_hafiz@gmail.com
674,nur sodik,nur_sodik@gmail.com
675,siti indah syah,siti_indah_syah@gmail.com
711,ibnu mirza hamizan alfaeyza,ibnu_mirza_hamizan_alfaeyza@gmail.com
712,apri hantoro,apri_hantoro@gmail.com
713,suratman,suratman@gmail.com
714,mucharomatun,mucharomatun@gmail.com
715,rensy herwinda,rensy_herwinda@gmail.com
751,siti zaenab,siti_zaenab@gmail.com
752,teguh adi wijaya,teguh_adi_wijaya@gmail.com
753,suwarmin,suwarmin@gmail.com
754,wulandari,wulandari@gmail.com
755,iqbal akbar ghofur,iqbal_akbar_ghofur@gmail.com
791,jefri setiadi,jefri_setiadi@gmail.com
792,dwi maryani,dwi_maryani@gmail.com
793,krisno tri widodo,krisno_tri_widodo@gmail.com
794,katiman,katiman@gmail.com
795,mesinem,mesinem@gmail.com
831,heri yeni,heri_yeni@gmail.com
832,febri dianisya,febri_dianisya@gmail.com
833,rahmat tri apriliando,rahmat_tri_apriliando@gmail.com
834,sumarni,sumarni@gmail.com
835,muhammad aprila,muhammad_aprila@gmail.com
871,hanif fatchan mujib,hanif_fatchan_mujib@gmail.com
872,sutrisno,sutrisno@gmail.com
873,purwati,purwati@gmail.com
874,adif zaldiansyah,adif_zaldiansyah@gmail.com
875,nadira aulia shaki,nadira_aulia_shaki@gmail.com
911,handri,handri@gmail.com
912,maisaroh,maisaroh@gmail.com
913,yusi andriyani,yusi_andriyani@gmail.com
914,rizki septiadi,rizki_septiadi@gmail.com
915,suyadi,suyadi@gmail.com
951,sigit sugiyanto,sigit_sugiyanto@gmail.com
952,ike handayani,ike_handayani@gmail.com
953,ratifa naila aisha,ratifa_naila_aisha@gmail.com
954,mukarom,mukarom@gmail.com
955,fauziyah,fauziyah@gmail.com
991,sudadi,sudadi@gmail.com
992,supriyo susanto,supriyo_susanto@gmail.com
993,sri mulyati,sri_mulyati@gmail.com
994,dinda dwi merliana,dinda_dwi_merliana@gmail.com
995,ardy ramadhani,ardy_ramadhani@gmail.com
1031,santi susanti,santi_susanti@gmail.com
1032,nyaman,nyaman@gmail.com
1033,rusmiyati,rusmiyati@gmail.com
1034,taufik usman,taufik_usman@gmail.com
1035,suci melia putri,suci_melia_putri@gmail.com
1071,rubiyati,rubiyati@gmail.com
1072,supri yanto,supri_yanto@gmail.com
1073,ani paridah,ani_paridah@gmail.com
1074,nina ayu lestari,nina_ayu_lestari@gmail.com
1075,tika ramawati,tika_ramawati@gmail.com
1111,suci melia putri,suci_melia_putri@gmail.com
1112,tumidjo,tumidjo@gmail.com
1113,sumarni,sumarni@gmail.com
1114,aprilia rahmawati,aprilia_rahmawati@gmail.com
1115,febi ayu lestari,febi_ayu_lestari@gmail.com
1151,tika ramawati,tika_ramawati@gmail.com
1152,paryono,paryono@gmail.com
1153,sukatmi,sukatmi@gmail.com
1154,eva apriyani,eva_apriyani@gmail.com
1155,asiva nur aini,asiva_nur_aini@gmail.com
1191,sadiah,sadiah@gmail.com
1192,pitriani,pitriani@gmail.com
1193,amat solekan,amat_solekan@gmail.com
1194,iswadi,iswadi@gmail.com
1195,paino,paino@gmail.com
1231,eka afrilia pujianti,eka_afrilia_pujianti@gmail.com
1232,fikri dwi susanto,fikri_dwi_susanto@gmail.com
1233,siswanto,siswanto@gmail.com
1234,mu'alifah,mu'alifah@gmail.com
1235,yuda aldiansyah,yuda_aldiansyah@gmail.com
1271,akmal maulana teguh firmansyah,akmal_maulana_teguh_firmansyah@gmail.com
1272,galih setiawan dwi aldi hernanda,galih_setiawan_dwi_aldi_hernanda@gmail.com
1273,bonem,bonem@gmail.com
1274,ahmad sujono,ahmad_sujono@gmail.com
1275,siyami,siyami@gmail.com
