user_id,nama,email
21,habil sabilla do'a,habil_sabilla_do'a@gmail.com
22,hermawan syah,hermawan_syah@gmail.com
23,ibnuyohanzah ahmad,ibnuyohanzah_ahmad@gmail.com
24,lia pertiwi,lia_pertiwi@gmail.com
25,muhammad maksum sugondo,muhammad_maksum_sugondo@gmail.com
61,muhammad hanafi,muhammad_hanafi@gmail.com
62,muhammad ilham akbar khoiri,muhammad_ilham_akbar_khoiri@gmail.com
63,narendra benny,narendra_benny@gmail.com
64,naufal abiyyu,naufal_abiyyu@gmail.com
65,nurhikmah,nurhikmah@gmail.com
101,nazarudin yusuf,nazarudin_yusuf@gmail.com
102,neni anggraeni dalimunthe,neni_anggraeni_dalimunthe@gmail.com
103,nurpauliani dewi n,nurpauliani_dewi_n@gmail.com
104,rano abdul rahman,rano_abdul_rahman@gmail.com
105,ratih purwasih,ratih_purwasih@gmail.com
141,resa putri ananda,resa_putri_ananda@gmail.com
142,resi septiani,resi_septiani@gmail.com
143,rudi kurniawan,rudi_kurniawan@gmail.com
144,siti zulaiha,siti_zulaiha@gmail.com
145,sry dhina pohan,sry_dhina_pohan@gmail.com
181,suci fahma julia,suci_fahma_julia@gmail.com
182,suci hijryani fitry,suci_hijryani_fitry@gmail.com
183,tika handayani asnur,tika_handayani_asnur@gmail.com
184,tio doli raharjo,tio_doli_raharjo@gmail.com
185,winda wahyuti,winda_wahyuti@gmail.com
221,winggo aga septian,winggo_aga_septian@gmail.com
222,yunaldi rizki putra,yunaldi_rizki_putra@gmail.com
223,arif fasetyo,arif_fasetyo@gmail.com
224,arie rahman satria,arie_rahman_satria@gmail.com
225,arinda oktaviana,arinda_oktaviana@gmail.com
261,ayu andira,ayu_andira@gmail.com
262,ayu dwi septiana arta,ayu_dwi_septiana_arta@gmail.com
263,azwar anas,azwar_anas@gmail.com
264,azwir irfan nanda,azwir_irfan_nanda@gmail.com
265,budi setiawan,budi_setiawan@gmail.com
301,sarminah,sarminah@gmail.com
302,wiwik purwanti,wiwik_purwanti@gmail.com
303,saputra,saputra@gmail.com
304,sufiyani,sufiyani@gmail.com
305,zenika pradea,zenika_pradea@gmail.com
306,adelia agustin,adelia_agustin@gmail.com
341,auliya shobrina,auliya_shobrina@gmail.com
342,slamet,slamet@gmail.com
343,suparmi,suparmi@gmail.com
344,tri agus susilo,tri_agus_susilo@gmail.com
345,junaeri,junaeri@gmail.com
381,nora,nora@gmail.com
382,ulviana agustina,ulviana_agustina@gmail.com
383,erina ramadhani,erina_ramadhani@gmail.com
384,sumono,sumono@gmail.com
385,khoirul zaki,khoirul_zaki@gmail.com
421,amalia chechy anggia,amalia_chechy_anggia@gmail.com
422,suranto,suranto@gmail.com
423,suprihatin,suprihatin@gmail.com
424,bangkit syuhada,bangkit_syuhada@gmail.com
425,tri anindita aurellia,tri_anindita_aurellia@gmail.com
461,siti masliah,siti_masliah@gmail.com
462,tri adi eko lestanto,tri_adi_eko_lestanto@gmail.com
463,eva setia ningrum,eva_setia_ningrum@gmail.com
464,suyono,suyono@gmail.com
465,nurtriana yuliastuti,nurtriana_yuliastuti@gmail.com
501,luhur gunawan,luhur_gunawan@gmail.com
502,tri mandrasih,tri_mandrasih@gmail.com
503,manisem,manisem@gmail.com
504,r. widodo,r._widodo@gmail.com
505,ismanto,ismanto@gmail.com
541,riswanto,riswanto@gmail.com
542,suwanter,suwanter@gmail.com
543,sutarsih,sutarsih@gmail.com
544,eti nurcahyani,eti_nurcahyani@gmail.com
545,eni dwi sundari,eni_dwi_sundari@gmail.com
581,misdianto,misdianto@gmail.com
582,nopriyadi,nopriyadi@gmail.com
583,ahmad thoyib,ahmad_thoyib@gmail.com
584,agus ismail,agus_ismail@gmail.com
585,nafiudin,nafiudin@gmail.com
621,apri ayu angelica,apri_ayu_angelica@gmail.com
622,muhammad rizky aprianto,muhammad_rizky_aprianto@gmail.com
623,ahmad zainuri,ahmad_zainuri@gmail.com
624,ari sarianto,ari_sarianto@gmail.com
625,hasyim asy'ari,hasyim_asy'ari@gmail.com
661,azzah rotun nisa almufidah,azzah_rotun_nisa_almufidah@gmail.com
662,sariman,sariman@gmail.com
663,parni,parni@gmail.com
664,haspar sutedi,haspar_sutedi@gmail.com
665,sudarmi,sudarmi@gmail.com
701,sulastri,sulastri@gmail.com
702,widyo wati,widyo_wati@gmail.com
703,wiwit widia wati,wiwit_widia_wati@gmail.com
704,wulandari,wulandari@gmail.com
705,kirno yudi,kirno_yudi@gmail.com
741,siti imaroh,siti_imaroh@gmail.com
742,rizal kurniawan,rizal_kurniawan@gmail.com
743,nur laila,nur_laila@gmail.com
744,hamdan muzakir,hamdan_muzakir@gmail.com
745,hadi mardiansah,hadi_mardiansah@gmail.com
781,suryani,suryani@gmail.com
782,muhammad ahsanul mubtadi'in,muhammad_ahsanul_mubtadi'in@gmail.com
783,muhammad rifki irawan,muhammad_rifki_irawan@gmail.com
784,intan nurul aini,intan_nurul_aini@gmail.com
785,sarno,sarno@gmail.com
821,kelvin naszril tri efendi,kelvin_naszril_tri_efendi@gmail.com
822,sugianto,sugianto@gmail.com
823,novi hartini,novi_hartini@gmail.com
824,aisyah giovani,aisyah_giovani@gmail.com
825,arif nova baihaqi,arif_nova_baihaqi@gmail.com
861,mahdalena,mahdalena@gmail.com
862,luthfi abdillah,luthfi_abdillah@gmail.com
863,adiba zahara,adiba_zahara@gmail.com
864,sucipto,sucipto@gmail.com
865,asih,asih@gmail.com
901,aura afifatunnisa,aura_afifatunnisa@gmail.com
902,aulia mutiara cinta,aulia_mutiara_cinta@gmail.com
903,suliati,suliati@gmail.com
904,tawirja,tawirja@gmail.com
905,bawiati,bawiati@gmail.com
941,muhamad aziz,muhamad_aziz@gmail.com
942,surya kusuma,surya_kusuma@gmail.com
943,tumi setiawati,tumi_setiawati@gmail.com
944,irza syahputra,irza_syahputra@gmail.com
945,asim,asim@gmail.com
981,sahid,sahid@gmail.com
982,siti juwariyah,siti_juwariyah@gmail.com
983,miftachul huda,miftachul_huda@gmail.com
984,nur jannah,nur_jannah@gmail.com
985,m. nasirudin,m._nasirudin@gmail.com
1021,ahmad hasinul fikqih,ahmad_hasinul_fikqih@gmail.com
1022,annida hasnaul atika,annida_hasnaul_atika@gmail.com
1023,jalal,jalal@gmail.com
1024,supri ani,supri_ani@gmail.com
1025,muhammad rikza rohmana,muhammad_rikza_rohmana@gmail.com
1061,m. irfani,m._irfani@gmail.com
1062,sagiyati,sagiyati@gmail.com
1063,andi sofyan,andi_sofyan@gmail.com
1064,fita eviyana,fita_eviyana@gmail.com
1065,ahmad priyanto,ahmad_priyanto@gmail.com
1101,muhammad rikza rohmana,muhammad_rikza_rohmana@gmail.com
1102,aila annafi'an zaini,aila_annafi'an_zaini@gmail.com
1103,novi ayu sharafina,novi_ayu_sharafina@gmail.com
1104,nova ayu sharafika,nova_ayu_sharafika@gmail.com
1105,samsuri,samsuri@gmail.com
1141,ahmad priyanto,ahmad_priyanto@gmail.com
1142,hadi wagiman,hadi_wagiman@gmail.com
1143,suparmi,suparmi@gmail.com
1144,sigit widianto,sigit_widianto@gmail.com
1145,singgih adi putra,singgih_adi_putra@gmail.com
1181,si'in,si'in@gmail.com
1182,muhammad susanto,muhammad_susanto@gmail.com
1183,anwar asnawi,anwar_asnawi@gmail.com
1184,ali imron,ali_imron@gmail.com
1185,slamet nidun,slamet_nidun@gmail.com
1221,siti aisah,siti_aisah@gmail.com
1222,sariman,sariman@gmail.com
1223,tasminah,tasminah@gmail.com
1224,nafiudin,nafiudin@gmail.com
1225,siti komariyah,siti_komariyah@gmail.com
1261,abdi ahmad permadani,abdi_ahmad_permadani@gmail.com
1262,dinda syifa,dinda_syifa@gmail.com
1263,sutrisno,sutrisno@gmail.com
1264,sundari,sundari@gmail.com
1265,khoiru nisa aprilia,khoiru_nisa_aprilia@gmail.com
